﻿<?xml version="1.0"?>
<doc>
<assembly>
<name>
数据库同步
</name>
</assembly>
<members>
<member name="P:数据库同步.My.Resources.Resources.ResourceManager">
	<summary>
  返回此类使用的缓存的 ResourceManager 实例。
</summary>
</member><member name="P:数据库同步.My.Resources.Resources.Culture">
	<summary>
  使用此强类型资源类，为所有资源查找
  重写当前线程的 CurrentUICulture 属性。
</summary>
</member><member name="T:数据库同步.My.Resources.Resources">
	<summary>
  一个强类型的资源类，用于查找本地化的字符串等。
</summary>
</member>
</members>
</doc>